{"model":{"version":3,"nodes":[{"name":"RootNode","position":[0,0,0],"rotation":[0,0,0],"scale":[0.01,0.01,0.01],"scaleCompensation":false},{"name":"Lance_01","position":[0,0,0],"rotation":[9.33467e-06,-0,0],"scale":[100,100,100],"scaleCompensation":false}],"parents":[-1,0],"skins":[],"morphs":[],"vertices":[{"position":{"type":"float32","components":3,"data":[0,0.105236,0.325204,0.0744131,0.0744131,0.325204,0,7.62939e-08,0.325204,-0.0744131,0.0744131,0.325204,-0.105236,7.62939e-08,0.325204,-0.0744131,-0.074413,0.325204,0,-0.105236,0.325204,0.0744131,-0.0744131,0.325204,0.105236,7.62939e-08,0.325204,0.0522724,1.90735e-08,3.78174,0.0256453,0.0256452,3.80689,0.0362677,1.90735e-08,3.80689,0.0369622,0.0369622,3.78174,0,0.0362678,3.80689,0,0.0522725,3.78174,-0.0256452,0.0256452,3.80689,-0.0369621,0.0369622,3.78174,-0.0362677,1.90735e-08,3.80689,-0.0522724,1.90735e-08,3.78174,-0.0256452,-0.0256451,3.80689,-0.0369621,-0.0369621,3.78174,0,-0.0362677,3.80689,0,-0.0522724,3.78174,0.0256453,-0.0256451,3.80689,0.0369622,-0.0369621,3.78174,0,1.90735e-08,3.82042,0,0.060192,3.26489,0.0425622,0.0425621,3.26489,0.060192,3.8147e-08,3.26489,0.0425622,-0.0425621,3.26489,0,-0.0601919,3.26489,-0.0425621,-0.0425621,3.26489,-0.0601919,3.8147e-08,3.26489,-0.0425621,0.0425621,3.26489,-0.0600353,0.0600354,1.6522,-0.0579548,0.0579548,1.84423,0,0.0823824,1.8167,0,0.0850707,1.64124,0.0600353,0.0600354,1.6522,0.0579548,0.0579548,1.84423,-0.0843154,3.8147e-08,1.69052,-0.0811122,3.8147e-08,1.89957,-0.0590176,-0.0590175,1.74613,-0.0569317,-0.0569316,1.93865,0,-0.0830305,1.77438,0,-0.0803407,1.94992,0.0569317,-0.0569316,1.93865,0.0590176,-0.0590176,1.74613,0.0811123,3.8147e-08,1.89957,0.0843156,0,1.69052,0,0.0931839,1.11175,0.0676406,0.0676406,0.950272,0,0.0957785,0.942422,0.0657676,0.0657676,1.12315,-0.0676406,0.0676406,0.950272,-0.0657676,0.0657676,1.12315,-0.095327,3.8147e-08,0.971885,-0.0926227,0,1.14836,-0.0671304,-0.0671302,0.997371,-0.0652575,-0.0652574,1.17022,0,-0.0947567,1.00909,0,-0.0921646,1.17826,0.0652575,-0.0652575,1.17022,0.0671304,-0.0671303,0.997371,0.0926229,0,1.14836,0.095327,3.8147e-08,0.971885,0.0618727,0.0618726,1.48263,0.0897942,3.8147e-08,1.33297,0.0638266,0.0638266,1.30229,0.0868947,3.8147e-08,1.5222,0,0.0877887,1.46385,0,0.090419,1.2922,-0.0638266,0.0638266,1.30229,-0.0618727,0.0618726,1.48263,-0.0897941,3.8147e-08,1.33297,-0.0868946,3.8147e-08,1.5222,-0.063062,-0.0630619,1.37285,-0.0611066,-0.0611064,1.55333,0,-0.0888873,1.39215,0,-0.086259,1.56368,0.0611066,-0.0611065,1.55333,0.0630621,-0.0630619,1.37285,0.0425622,0.0425621,3.26489,0,0.060192,3.26489,-0.0425621,0.0425621,3.26489,-0.0601919,3.8147e-08,3.26489,-0.0425621,-0.0425621,3.26489,0,-0.0601919,3.26489,0.0425622,-0.0425621,3.26489,0.060192,3.8147e-08,3.26489,0,0.0850707,1.64124,-0.0618727,0.0618726,1.48263,-0.0600353,0.0600354,1.6522,0,0.0877887,1.46385,-0.0868946,3.8147e-08,1.5222,-0.0843154,3.8147e-08,1.69052,-0.0611066,-0.0611064,1.55333,-0.0590176,-0.0590175,1.74613,0,-0.086259,1.56368,0,-0.0830305,1.77438,0.0590176,-0.0590176,1.74613,0.0611066,-0.0611065,1.55333,0.0843156,0,1.69052,0.0868947,3.8147e-08,1.5222,0.0600353,0.0600354,1.6522,0.0618727,0.0618726,1.48263,0,0.0957785,0.942422,-0.0744131,0.0744131,0.325204,-0.0676406,0.0676406,0.950272,0,0.105236,0.325204,-0.105236,7.62939e-08,0.325204,-0.095327,3.8147e-08,0.971885,-0.0744131,-0.074413,0.325204,-0.0671304,-0.0671302,0.997371,0,-0.105236,0.325204,0,-0.0947567,1.00909,0.0671304,-0.0671303,0.997371,0.0744131,-0.0744131,0.325204,0.095327,3.8147e-08,0.971885,0.105236,7.62939e-08,0.325204,0.0676406,0.0676406,0.950272,0.0744131,0.0744131,0.325204,0.0638266,0.0638266,1.30229,0.0657676,0.0657676,1.12315,0,0.090419,1.2922,0,0.0931839,1.11175,-0.0657676,0.0657676,1.12315,-0.0638266,0.0638266,1.30229,-0.0926227,0,1.14836,-0.0897941,3.8147e-08,1.33297,-0.0652575,-0.0652574,1.17022,-0.063062,-0.0630619,1.37285,0,-0.0921646,1.17826,0,-0.0888873,1.39215,0.0630621,-0.0630619,1.37285,0.0652575,-0.0652575,1.17022,0.0897942,3.8147e-08,1.33297,0.0926229,0,1.14836,0.0436699,0,-0.426725,-0.0436698,0,-0.426725,-3.80303e-07,0.0436699,-0.426725,2.48145e-09,-0.0436697,-0.426725,2.48145e-09,0.0436699,0.361874,0.0436699,0,-0.426725,-3.80303e-07,0.0436699,-0.426725,0.0436699,1.52588e-07,0.361874,-0.0436698,1.52588e-07,0.361874,-0.0436698,0,-0.426725,2.48145e-09,-0.0436698,0.361874,2.48145e-09,-0.0436697,-0.426725]},"normal":{"type":"float32","components":3,