{"model":{"version":3,"nodes":[{"name":"RootNode","position":[0,0,0],"rotation":[0,0,0],"scale":[0.01,0.01,0.01],"scaleCompensation":false},{"name":"Bullet","position":[0,0,0],"rotation":[-90,0,0],"scale":[100,100,100],"scaleCompensation":false}],"parents":[-1,0],"skins":[],"morphs":[],"vertices":[{"position":{"type":"float32","components":3,"data":[0.333996,-0.215584,-2.91988e-08,0.298735,-0.364952,-4.22569e-08,0.289249,-0.215584,-0.166998,0.149367,-0.514319,-5.53151e-08,0.192833,-0.408417,-0.192833,0.166998,-0.215584,-0.289249,0,-0.54958,-5.83977e-08,0,-0.514319,-0.149367,0,-0.364952,-0.298735,0,-0.215584,-0.333996,-0.149367,-0.514319,-5.53151e-08,-0.298735,-0.364952,-4.2257e-08,-0.192833,-0.408417,-0.192833,-0.333996,-0.215584,-2.91988e-08,-0.289249,-0.215584,-0.166998,-0.166998,-0.215584,-0.289249,0,-0.215584,0.333996,0,-0.364952,0.298735,0.166998,-0.215584,0.289249,0,-0.514319,0.149367,0.192833,-0.408417,0.192832,0.289249,-0.215584,0.166998,-0.166998,-0.215584,0.289249,-0.289249,-0.215584,0.166998,-0.192833,-0.408417,0.192832,0.166998,0.452407,0.289249,0.289249,0.452407,0.166998,0,0.452407,0.333996,-0.166998,0.452407,0.289249,-0.289249,0.452407,0.166998,-0.333996,0.452407,2.91988e-08,-0.289249,0.452407,-0.166998,-0.166998,0.452407,-0.289249,0,0.452407,-0.333996,0.166998,0.452407,-0.289249,0.289249,0.452407,-0.166998,0.333996,0.452407,2.91988e-08,0.166998,0.452407,0.289249,0.289249,0.452407,0.166998,0,0.452407,2.91988e-08,0,0.452407,0.333996,-0.166998,0.452407,0.289249,-0.289249,0.452407,0.166998,-0.333996,0.452407,2.91988e-08,-0.289249,0.452407,-0.166998,-0.166998,0.452407,-0.289249,0,0.452407,-0.333996,0.166998,0.452407,-0.289249,0.289249,0.452407,-0.166998,0.333996,0.452407,2.91988e-08]},"normal":{"type":"float32","components":3,"data":[0.999737,-0.0229462,-2.60569e-05,0.863265,-0.50475,-1.34576e-06,0.864889,-0.0391985,-0.500431,0.514951,-0.85722,1.44355e-06,0.571276,-0.589312,-0.571275,0.500446,-0.0391985,-0.86488,-2.0698e-08,-1,-2.58725e-08,-1.02259e-06,-0.85719,-0.515001,-2.06102e-06,-0.50475,-0.863265,5.82612e-06,-0.0229461,-0.999737,-0.514951,-0.85722,1.04122e-06,-0.863265,-0.50475,2.10572e-06,-0.571276,-0.589312,-0.571275,-0.999737,-0.0229462,-5.82379e-06,-0.864882,-0.0391986,-0.500442,-0.500439,-0.0391985,-0.864884,-2.60855e-05,-0.0229463,0.999737,1.35601e-06,-0.50475,0.863265,0.500431,-0.0391986,0.864889,-1.52085e-06,-0.85722,0.514951,0.571275,-0.589312,0.571276,0.86488,-0.0391986,0.500446,-0.500442,-0.0391986,0.864882,-0.864884,-0.0391985,0.500439,-0.571275,-0.589312,0.571276,0.5,-7.8269e-08,0.866025,0.866025,-3.33948e-08,0.5,0,-8.97484e-08,1,-0.5,-7.8269e-08,0.866025,-0.866025,-3.33948e-08,0.5,-1,0,9.82102e-09,-0.866025,3.33948e-08,-0.5,-0.5,7.8269e-08,-0.866025,0,8.97484e-08,-1,0.5,7.8269e-08,-0.866025,0.866025,3.33948e-08,-0.5,1,0,9.82102e-09,-6.53206e-08,1,2.67158e-07,-8.92296e-08,1,2.67158e-07,0,1,8.90527e-08,0,1,0,6.53206e-08,1,2.67158e-07,8.92296e-08,1,2.67158e-07,0,1,0,0,1,0,0,1,0,0,1,0,0,1,0,0,1,0,0,1,0]},"texCoord0":{"type":"float32","components":2,"data":[0.5,0.666667,0.5,0.815738,0.333333,0.666667,0.5,0.964809,0.30755,0.859117,0.211325,0.666667,0.5,1,0.350929,0.964809,0.201858,0.815738,0.166667,0.666667,0.5,0.964809,0.5,0.815738,0.30755,0.859117,0.5,0.666667,0.333333,0.666667,0.211325,0.666667,0.833333,0.666667,0.798142,0.815738,0.788675,0.666667,0.649071,0.964809,0.69245,0.859117,0.666667,0.666667,0.788675,0.666667,0.666667,0.666667,0.69245,0.859117,0.788675,0,0.666667,0,0.833333,0,0.788675,0,0.666667,0,0.5,0,0.333333,0,0.211325,0,0.166667,0,0.211325,0,0.333333,0,0.5,0,0.788675,0,0.666667,0,0.5,0,0.833333,0,0.788675,0,0.666667,0,0.5,0,0.333333,0,0.211325,0,0.166667,0,0.211325,0,0.333333,0,0.5,0]}}],"meshes":[{"aabb":{"min":[-0.333996,-0.54958,-0.333996],"max":[0.333996,0.452407,0.333996]},"vertices":0,"indices":[0,1,2,1,3,4,1,4,2,2,4,5,3,6,7,3,7,4,4,7,8,4,8,5,5,8,9,6,10,7,10,11,12,10,12,7,7,12,8,11,13,14,11,14,12,12,14,15,12,15,8,8,15,9,16,17,18,17,19,20,17,20,18,18,20,21,19,6,3,19,3,20,20,3,1,20,1,21,21,1,0,16,22,17,22,23,24,22,24,17,17,24,19,23,13,11,23,11,24,24,11,10,24,10,19,19,10,6,25,21,26,21,25,18,27,16,25,25,16,18,28,22,27,27,22,16,29,23,28,22,28,23,30,23,29,23,30,13,31,13,30,13,31,14,32,15,31,14,31,15,15,32,9,9,32,33,9,33,5,5,33,34,35,5,34,5,35,2,0,35,36,35,0,2,21,36,26,36,21,0,37,38,39,40,37,39,41,40,39,42,41,39,43,42,39,44,43,39,45,44,39,46,45,39,47,46,39,48,47,39,49,48,39,38,49,39],"type":"triangles","base":0,"count":216}],"meshInstances":[{"node":1,"mesh":0}]}}