{
  "src": [
    "sfx_atlas.ogg",
    "sfx_atlas.m4a",
    "sfx_atlas.mp3",
    "sfx_atlas.ac3"
  ],
  "sprite": {
    "add_enlarger_1": [
      0,
      1250
    ],
    "add_enlarger_2": [
      2200,
      1250
    ],
    "add_nitro_1": [
      4400,
      1648.6848072562364
    ],
    "add_nitro_2": [
      6600.000000000001,
      1658.0045351473923
    ],
    "add_nitro_3": [
      8800,
      1641.5646258503393
    ],
    "add_shield_1": [
      11000,
      1500
    ],
    "add_shield_2": [
      13200,
      1500
    ],
    "add_shooter_1": [
      15399.999999999998,
      830.6122448979601
    ],
    "add_shooter_2": [
      16599.999999999996,
      832.5850340136043
    ],
    "add_smoke_1": [
      17799.999999999996,
      1300.5215419501149
    ],
    "add_smoke_2": [
      20000,
      1760.1814058956934
    ],
    "add_sphere_1": [
      22200.000000000004,
      1190.8163265306123
    ],
    "add_sphere_2": [
      24400.000000000004,
      1261.791383219954
    ],
    "coin_1": [
      26600,
      500
    ],
    "coin_2": [
      27800,
      500
    ],
    "coin_3": [
      29000,
      750
    ],
    "coin_4": [
      30200,
      750
    ],
    "explosion_1": [
      31400,
      2169.68253968254
    ],
    "explosion_2": [
      34600,
      1500
    ],
    "explosion_3": [
      36800.00000000001,
      1893.5374149659835
    ],
    "projectile_1": [
      39000,
      1334.08163265306
    ],
    "projectile_2": [
      41199.99999999999,
      1250
    ],
    "projectile_3": [
      43400,
      1250
    ],
    "ui_click_1": [
      45600,
      750
    ],
    "ui_click_2": [
      46800.00000000001,
      750
    ],
    "ui_click_3": [
      48000.00000000001,
      750
    ],
    "ui_click_4": [
      49200.00000000001,
      750
    ],
    "engine_boosted": [
      50400.000000000015,
      1175.5102040816325
    ],
    "engine_low": [
      52600.000000000015,
      1027.4829931972818
    ],
    "engine_nitro": [
      54800.00000000002,
      841.7233560090693
    ],
    "engine_nitro_boosted": [
      56000.000000000015,
      1027.4829931972818
    ],
    "engine_normal": [
      58200.000000000015,
      937.505668934243
    ],
    "sfx_atlas": [
      59400.00000000002,
      66404.71655328799
    ]
  }
}